{
  "model": "Llama-3.2-1B-Instruct",
  "finetune": "ffn_only",
  "rouge_l": [
    0.49648032859028085,
    0.5591452972718991,
    0.5494910546931996,
    0.5402985824936876,
    0.5421216941820752
  ],
  "bert_score": [
    0.8847809433937073,
    0.8930210471153259,
    0.8909647464752197,
    0.8877939581871033,
    0.8884750604629517
  ],
  "composite": [
    0.690630635991994,
    0.7260831721936125,
    0.7202279005842096,
    0.7140462703403954,
    0.7152983773225134
  ],
  "energy_kwh": [
    0.2532166115183553,
    0.585044207711938,
    0.8830582457616304,
    1.2148223077367626,
    1.5079126509168284
  ],
  "co2_kg": [
    0.0629946671370212,
    0.12603740882827874,
    0.18912833217431513,
    0.2521455905424553,
    0.31529961455499644
  ],
  "comm_mb": [
    37.5,
    75.0,
    112.5,
    150.0,
    187.5
  ],
  "clients_trained": [
    10,
    10,
    10,
    10,
    10
  ],
  "clients_aggregated": [
    10,
    10,
    10,
    10,
    10
  ],
  "selected_history": {
    "1": [
      "10",
      "15",
      "16",
      "18",
      "24",
      "25",
      "31",
      "37",
      "38",
      "45"
    ],
    "2": [
      "10",
      "16",
      "24",
      "25",
      "29",
      "31",
      "38",
      "41",
      "45",
      "48"
    ],
    "3": [
      "10",
      "16",
      "24",
      "25",
      "29",
      "31",
      "38",
      "42",
      "45",
      "48"
    ],
    "4": [
      "10",
      "16",
      "24",
      "25",
      "29",
      "31",
      "38",
      "41",
      "45",
      "48"
    ],
    "5": [
      "10",
      "16",
      "18",
      "24",
      "25",
      "29",
      "31",
      "38",
      "42",
      "45"
    ]
  }
}